signal,category,ticker,spread_bps,gross_sharpe,turnover,net_sharpe,decision,liquidity_tier
random_noise_1,garbage,SPY,1.5,0.0,2.0,-0.004074535599249993,REJECT,ultra_liquid
random_noise_1,garbage,QQQ,2.0,0.0,2.0,-0.005446470418323181,REJECT,ultra_liquid
random_noise_1,garbage,IWM,5.0,0.0,2.0,-0.013576765581113408,REJECT,liquid
random_noise_1,garbage,TLT,3.0,0.0,2.0,-0.008238513917599978,REJECT,liquid
random_noise_1,garbage,GLD,4.0,0.0,2.0,-0.011046139985886872,REJECT,liquid
random_noise_1,garbage,EEM,8.0,0.0,2.0,-0.022227760524333253,REJECT,medium
random_noise_1,garbage,VWO,10.0,0.0,2.0,-0.02805230731272177,REJECT,medium
random_noise_1,garbage,EFA,6.0,0.0,2.0,-0.01656568542494924,REJECT,medium
random_noise_1,garbage,EWZ,20.0,0.0,2.0,-0.05666666666666667,REJECT,illiquid
random_noise_1,garbage,RSX,35.0,0.0,2.0,-0.09899018758282571,REJECT,illiquid
random_noise_1,garbage,XME,15.0,0.0,2.0,-0.04298142396999972,REJECT,illiquid
random_noise_2,garbage,SPY,1.5,0.0,3.0,-0.006111803398874989,REJECT,ultra_liquid
random_noise_2,garbage,QQQ,2.0,0.0,3.0,-0.008169705627484772,REJECT,ultra_liquid
random_noise_2,garbage,IWM,5.0,0.0,3.0,-0.02036514837167011,REJECT,liquid
random_noise_2,garbage,TLT,3.0,0.0,3.0,-0.012357770876399967,REJECT,liquid
random_noise_2,garbage,GLD,4.0,0.0,3.0,-0.01656920997883031,REJECT,liquid
random_noise_2,garbage,EEM,8.0,0.0,3.0,-0.03334164078649988,REJECT,medium
random_noise_2,garbage,VWO,10.0,0.0,3.0,-0.04207846096908266,REJECT,medium
random_noise_2,garbage,EFA,6.0,0.0,3.0,-0.02484852813742386,REJECT,medium
random_noise_2,garbage,EWZ,20.0,0.0,3.0,-0.085,REJECT,illiquid
random_noise_2,garbage,RSX,35.0,0.0,3.0,-0.1484852813742386,REJECT,illiquid
random_noise_2,garbage,XME,15.0,0.0,3.0,-0.0644721359549996,REJECT,illiquid
reverse_momentum,garbage,SPY,1.5,-0.3,2.5,-0.30509316949906246,REJECT,ultra_liquid
reverse_momentum,garbage,QQQ,2.0,-0.3,2.5,-0.306808088022904,REJECT,ultra_liquid
reverse_momentum,garbage,IWM,5.0,-0.3,2.5,-0.31697095697639177,REJECT,liquid
reverse_momentum,garbage,TLT,3.0,-0.3,2.5,-0.31029814239699993,REJECT,liquid
reverse_momentum,garbage,GLD,4.0,-0.3,2.5,-0.31380767498235856,REJECT,liquid
reverse_momentum,garbage,EEM,8.0,-0.3,2.5,-0.32778470065541654,REJECT,medium
reverse_momentum,garbage,VWO,10.0,-0.3,2.5,-0.3350653841409022,REJECT,medium
reverse_momentum,garbage,EFA,6.0,-0.3,2.5,-0.3207071067811865,REJECT,medium
reverse_momentum,garbage,EWZ,20.0,-0.3,2.5,-0.37083333333333335,REJECT,illiquid
reverse_momentum,garbage,RSX,35.0,-0.3,2.5,-0.42373773447853214,REJECT,illiquid
reverse_momentum,garbage,XME,15.0,-0.3,2.5,-0.3537267799624996,REJECT,illiquid
buy_high_vol,garbage,SPY,1.5,-0.2,3.0,-0.206111803398875,REJECT,ultra_liquid
buy_high_vol,garbage,QQQ,2.0,-0.2,3.0,-0.20816970562748477,REJECT,ultra_liquid
buy_high_vol,garbage,IWM,5.0,-0.2,3.0,-0.22036514837167012,REJECT,liquid
buy_high_vol,garbage,TLT,3.0,-0.2,3.0,-0.21235777087639998,REJECT,liquid
buy_high_vol,garbage,GLD,4.0,-0.2,3.0,-0.21656920997883033,REJECT,liquid
buy_high_vol,garbage,EEM,8.0,-0.2,3.0,-0.23334164078649988,REJECT,medium
buy_high_vol,garbage,VWO,10.0,-0.2,3.0,-0.24207846096908267,REJECT,medium
buy_high_vol,garbage,EFA,6.0,-0.2,3.0,-0.22484852813742387,REJECT,medium
buy_high_vol,garbage,EWZ,20.0,-0.2,3.0,-0.28500000000000003,REJECT,illiquid
buy_high_vol,garbage,RSX,35.0,-0.2,3.0,-0.3484852813742386,REJECT,illiquid
buy_high_vol,garbage,XME,15.0,-0.2,3.0,-0.26447213595499963,REJECT,illiquid
chase_news,garbage,SPY,1.5,-0.1,4.0,-0.1081490711985,REJECT,ultra_liquid
chase_news,garbage,QQQ,2.0,-0.1,4.0,-0.11089294083664637,REJECT,ultra_liquid
chase_news,garbage,IWM,5.0,-0.1,4.0,-0.12715353116222683,REJECT,liquid
chase_news,garbage,TLT,3.0,-0.1,4.0,-0.11647702783519996,REJECT,liquid
chase_news,garbage,GLD,4.0,-0.1,4.0,-0.12209227997177374,REJECT,liquid
chase_news,garbage,EEM,8.0,-0.1,4.0,-0.14445552104866652,REJECT,medium
chase_news,garbage,VWO,10.0,-0.1,4.0,-0.15610461462544356,REJECT,medium
chase_news,garbage,EFA,6.0,-0.1,4.0,-0.13313137084989848,REJECT,medium
chase_news,garbage,EWZ,20.0,-0.1,4.0,-0.21333333333333335,REJECT,illiquid
chase_news,garbage,RSX,35.0,-0.1,4.0,-0.29798037516565146,REJECT,illiquid
chase_news,garbage,XME,15.0,-0.1,4.0,-0.18596284793999945,REJECT,illiquid
moon_phase,garbage,SPY,1.5,0.0,1.5,-0.0030559016994374947,REJECT,ultra_liquid
moon_phase,garbage,QQQ,2.0,0.0,1.5,-0.004084852813742386,REJECT,ultra_liquid
moon_phase,garbage,IWM,5.0,0.0,1.5,-0.010182574185835055,REJECT,liquid
moon_phase,garbage,TLT,3.0,0.0,1.5,-0.0061788854381999835,REJECT,liquid
moon_phase,garbage,GLD,4.0,0.0,1.5,-0.008284604989415155,REJECT,liquid
moon_phase,garbage,EEM,8.0,0.0,1.5,-0.01667082039324994,REJECT,medium
moon_phase,garbage,VWO,10.0,0.0,1.5,-0.02103923048454133,REJECT,medium
moon_phase,garbage,EFA,6.0,0.0,1.5,-0.01242426406871193,REJECT,medium
moon_phase,garbage,EWZ,20.0,0.0,1.5,-0.0425,REJECT,illiquid
moon_phase,garbage,RSX,35.0,0.0,1.5,-0.0742426406871193,REJECT,illiquid
moon_phase,garbage,XME,15.0,0.0,1.5,-0.0322360679774998,REJECT,illiquid
friday_effect,garbage,SPY,1.5,0.05,2.0,0.04592546440075001,REJECT,ultra_liquid
friday_effect,garbage,QQQ,2.0,0.05,2.0,0.04455352958167682,REJECT,ultra_liquid
friday_effect,garbage,IWM,5.0,0.05,2.0,0.03642323441888659,REJECT,liquid
friday_effect,garbage,TLT,3.0,0.05,2.0,0.041761486082400025,REJECT,liquid
friday_effect,garbage,GLD,4.0,0.05,2.0,0.038953860014113134,REJECT,liquid
friday_effect,garbage,EEM,8.0,0.05,2.0,0.02777223947566675,REJECT,medium
friday_effect,garbage,VWO,10.0,0.05,2.0,0.021947692687278232,REJECT,medium
friday_effect,garbage,EFA,6.0,0.05,2.0,0.033434314575050764,REJECT,medium
friday_effect,garbage,EWZ,20.0,0.05,2.0,-0.006666666666666668,REJECT,illiquid
friday_effect,garbage,RSX,35.0,0.05,2.0,-0.04899018758282571,REJECT,illiquid
friday_effect,garbage,XME,15.0,0.05,2.0,0.007018576030000286,REJECT,illiquid
twitter_sentiment,garbage,SPY,1.5,0.1,5.0,0.08981366100187502,REJECT,ultra_liquid
twitter_sentiment,garbage,QQQ,2.0,0.1,5.0,0.08638382395419206,REJECT,ultra_liquid
twitter_sentiment,garbage,IWM,5.0,0.1,5.0,0.06605808604721648,REJECT,liquid
twitter_sentiment,garbage,TLT,3.0,0.1,5.0,0.07940371520600006,REJECT,liquid
twitter_sentiment,garbage,GLD,4.0,0.1,5.0,0.07238465003528283,REJECT,liquid
twitter_sentiment,garbage,EEM,8.0,0.1,5.0,0.04443059868916687,REJECT,medium
twitter_sentiment,garbage,VWO,10.0,0.1,5.0,0.029869231718195582,REJECT,medium
twitter_sentiment,garbage,EFA,6.0,0.1,5.0,0.058585786437626915,REJECT,medium
twitter_sentiment,garbage,EWZ,20.0,0.1,5.0,-0.041666666666666685,REJECT,illiquid
twitter_sentiment,garbage,RSX,35.0,0.1,5.0,-0.14747546895706432,REJECT,illiquid
twitter_sentiment,garbage,XME,15.0,0.1,5.0,-0.007453559924999298,REJECT,illiquid
round_number,garbage,SPY,1.5,0.0,3.0,-0.006111803398874989,REJECT,ultra_liquid
round_number,garbage,QQQ,2.0,0.0,3.0,-0.008169705627484772,REJECT,ultra_liquid
round_number,garbage,IWM,5.0,0.0,3.0,-0.02036514837167011,REJECT,liquid
round_number,garbage,TLT,3.0,0.0,3.0,-0.012357770876399967,REJECT,liquid
round_number,garbage,GLD,4.0,0.0,3.0,-0.01656920997883031,REJECT,liquid
round_number,garbage,EEM,8.0,0.0,3.0,-0.03334164078649988,REJECT,medium
round_number,garbage,VWO,10.0,0.0,3.0,-0.04207846096908266,REJECT,medium
round_number,garbage,EFA,6.0,0.0,3.0,-0.02484852813742386,REJECT,medium
round_number,garbage,EWZ,20.0,0.0,3.0,-0.085,REJECT,illiquid
round_number,garbage,RSX,35.0,0.0,3.0,-0.1484852813742386,REJECT,illiquid
round_number,garbage,XME,15.0,0.0,3.0,-0.0644721359549996,REJECT,illiquid
contrarian_extreme,garbage,SPY,1.5,-0.15,4.0,-0.15814907119849997,REJECT,ultra_liquid
contrarian_extreme,garbage,QQQ,2.0,-0.15,4.0,-0.16089294083664635,REJECT,ultra_liquid
contrarian_extreme,garbage,IWM,5.0,-0.15,4.0,-0.17715353116222682,REJECT,liquid
contrarian_extreme,garbage,TLT,3.0,-0.15,4.0,-0.16647702783519996,REJECT,liquid
contrarian_extreme,garbage,GLD,4.0,-0.15,4.0,-0.17209227997177373,REJECT,liquid
contrarian_extreme,garbage,EEM,8.0,-0.15,4.0,-0.1944555210486665,REJECT,medium
contrarian_extreme,garbage,VWO,10.0,-0.15,4.0,-0.20610461462544355,REJECT,medium
contrarian_extreme,garbage,EFA,6.0,-0.15,4.0,-0.18313137084989847,REJECT,medium
contrarian_extreme,garbage,EWZ,20.0,-0.15,4.0,-0.2633333333333333,REJECT,illiquid
contrarian_extreme,garbage,RSX,35.0,-0.15,4.0,-0.3479803751656514,REJECT,illiquid
contrarian_extreme,garbage,XME,15.0,-0.15,4.0,-0.23596284793999944,REJECT,illiquid
momentum_12_1,mediocre,SPY,1.5,0.4,4.2,0.391443475241575,REJECT,ultra_liquid
momentum_12_1,mediocre,QQQ,2.0,0.4,4.2,0.3885624121215213,REJECT,ultra_liquid
momentum_12_1,mediocre,IWM,5.0,0.4,4.2,0.37148879227966186,REJECT,liquid
momentum_12_1,mediocre,TLT,3.0,0.4,4.2,0.3826991207730401,REJECT,liquid
momentum_12_1,mediocre,GLD,4.0,0.4,4.2,0.37680310602963757,REJECT,liquid
momentum_12_1,mediocre,EEM,8.0,0.4,4.2,0.3533217028989002,REJECT,medium
momentum_12_1,mediocre,VWO,10.0,0.4,4.2,0.3410901546432843,REJECT,medium
momentum_12_1,mediocre,EFA,6.0,0.4,4.2,0.36521206060760664,REJECT,medium
momentum_12_1,mediocre,EWZ,20.0,0.4,4.2,0.281,REJECT,illiquid
momentum_12_1,mediocre,RSX,35.0,0.4,4.2,0.19212060607606601,REJECT,illiquid
momentum_12_1,mediocre,XME,15.0,0.4,4.2,0.3097390096630006,REJECT,illiquid
momentum_6_1,mediocre,SPY,1.5,0.35,5.0,0.339813661001875,REJECT,ultra_liquid
momentum_6_1,mediocre,QQQ,2.0,0.35,5.0,0.33638382395419203,REJECT,ultra_liquid
momentum_6_1,mediocre,IWM,5.0,0.35,5.0,0.31605808604721647,REJECT,liquid
momentum_6_1,mediocre,TLT,3.0,0.35,5.0,0.32940371520600004,REJECT,liquid
momentum_6_1,mediocre,GLD,4.0,0.35,5.0,0.32238465003528277,REJECT,liquid
momentum_6_1,mediocre,EEM,8.0,0.35,5.0,0.2944305986891668,REJECT,medium
momentum_6_1,mediocre,VWO,10.0,0.35,5.0,0.27986923171819555,REJECT,medium
momentum_6_1,mediocre,EFA,6.0,0.35,5.0,0.3085857864376269,REJECT,medium
momentum_6_1,mediocre,EWZ,20.0,0.35,5.0,0.2083333333333333,REJECT,illiquid
momentum_6_1,mediocre,RSX,35.0,0.35,5.0,0.10252453104293566,REJECT,illiquid
momentum_6_1,mediocre,XME,15.0,0.35,5.0,0.24254644007500067,REJECT,illiquid
momentum_3_1,mediocre,SPY,1.5,0.3,6.0,0.28777639320225,REJECT,ultra_liquid
momentum_3_1,mediocre,QQQ,2.0,0.3,6.0,0.2836605887450304,REJECT,ultra_liquid
momentum_3_1,mediocre,IWM,5.0,0.3,6.0,0.25926970325665977,REJECT,liquid
momentum_3_1,mediocre,TLT,3.0,0.3,6.0,0.27528445824720005,REJECT,liquid
momentum_3_1,mediocre,GLD,4.0,0.3,6.0,0.2668615800423394,REJECT,liquid
momentum_3_1,mediocre,EEM,8.0,0.3,6.0,0.23331671842700025,REJECT,medium
momentum_3_1,mediocre,VWO,10.0,0.3,6.0,0.21584307806183467,REJECT,medium
momentum_3_1,mediocre,EFA,6.0,0.3,6.0,0.25030294372515227,REJECT,medium
momentum_3_1,mediocre,EWZ,20.0,0.3,6.0,0.12999999999999998,REJECT,illiquid
momentum_3_1,mediocre,RSX,35.0,0.3,6.0,0.0030294372515227708,REJECT,illiquid
momentum_3_1,mediocre,XME,15.0,0.3,6.0,0.1710557280900008,REJECT,illiquid
ma_crossover_20_50,mediocre,SPY,1.5,0.3,3.5,0.2928695627013125,REJECT,ultra_liquid
ma_crossover_20_50,mediocre,QQQ,2.0,0.3,3.5,0.2904686767679344,REJECT,ultra_liquid
ma_crossover_20_50,mediocre,IWM,5.0,0.3,3.5,0.27624066023305155,REJECT,liquid
ma_crossover_20_50,mediocre,TLT,3.0,0.3,3.5,0.28558260064420005,REJECT,liquid
ma_crossover_20_50,mediocre,GLD,4.0,0.3,3.5,0.280669255024698,REJECT,liquid
ma_crossover_20_50,mediocre,EEM,8.0,0.3,3.5,0.2611014190824168,REJECT,medium
ma_crossover_20_50,mediocre,VWO,10.0,0.3,3.5,0.2509084622027369,REJECT,medium
ma_crossover_20_50,mediocre,EFA,6.0,0.3,3.5,0.2710100505063388,REJECT,medium
ma_crossover_20_50,mediocre,EWZ,20.0,0.3,3.5,0.2008333333333333,REJECT,illiquid
ma_crossover_20_50,mediocre,RSX,35.0,0.3,3.5,0.12676717173005497,REJECT,illiquid
ma_crossover_20_50,mediocre,XME,15.0,0.3,3.5,0.22478250805250047,REJECT,illiquid
ma_crossover_10_30,mediocre,SPY,1.5,0.25,4.5,0.2408322949016875,REJECT,ultra_liquid
ma_crossover_10_30,mediocre,QQQ,2.0,0.25,4.5,0.23774544155877284,REJECT,ultra_liquid
ma_crossover_10_30,mediocre,IWM,5.0,0.25,4.5,0.21945227744249482,REJECT,liquid
ma_crossover_10_30,mediocre,TLT,3.0,0.25,4.5,0.23146334368540006,REJECT,liquid
ma_crossover_10_30,mediocre,GLD,4.0,0.25,4.5,0.22514618503175454,REJECT,liquid
ma_crossover_10_30,mediocre,EEM,8.0,0.25,4.5,0.1999875388202502,REJECT,medium
ma_crossover_10_30,mediocre,VWO,10.0,0.25,4.5,0.186882308546376,REJECT,medium
ma_crossover_10_30,mediocre,EFA,6.0,0.25,4.5,0.21272720779386423,REJECT,medium
ma_crossover_10_30,mediocre,EWZ,20.0,0.25,4.5,0.12249999999999997,REJECT,illiquid
ma_crossover_10_30,mediocre,RSX,35.0,0.25,4.5,0.027272077938642142,REJECT,illiquid
ma_crossover_10_30,mediocre,XME,15.0,0.25,4.5,0.15329179606750065,REJECT,illiquid
rsi_reversal,mediocre,SPY,1.5,0.35,4.0,0.3418509288015,REJECT,ultra_liquid
rsi_reversal,mediocre,QQQ,2.0,0.35,4.0,0.3391070591633536,REJECT,ultra_liquid
rsi_reversal,mediocre,IWM,5.0,0.35,4.0,0.3228464688377732,REJECT,liquid
rsi_reversal,mediocre,TLT,3.0,0.35,4.0,0.33352297216480004,REJECT,liquid
rsi_reversal,mediocre,GLD,4.0,0.35,4.0,0.3279077200282262,REJECT,liquid
rsi_reversal,mediocre,EEM,8.0,0.35,4.0,0.30554447895133346,REJECT,medium
rsi_reversal,mediocre,VWO,10.0,0.35,4.0,0.29389538537455645,REJECT,medium
rsi_reversal,mediocre,EFA,6.0,0.35,4.0,0.3168686291501015,REJECT,medium
rsi_reversal,mediocre,EWZ,20.0,0.35,4.0,0.23666666666666664,REJECT,illiquid
rsi_reversal,mediocre,RSX,35.0,0.35,4.0,0.15201962483434855,REJECT,illiquid
rsi_reversal,mediocre,XME,15.0,0.35,4.0,0.26403715206000056,REJECT,illiquid
bollinger_breakout,mediocre,SPY,1.5,0.3,3.8,0.292258382361425,REJECT,ultra_liquid
bollinger_breakout,mediocre,QQQ,2.0,0.3,3.8,0.28965170620518593,REJECT,ultra_liquid
bollinger_breakout,mediocre,IWM,5.0,0.3,3.8,0.2742041453958845,REJECT,liquid
bollinger_breakout,mediocre,TLT,3.0,0.3,3.8,0.28434682355656005,REJECT,liquid
bollinger_breakout,mediocre,GLD,4.0,0.3,3.8,0.2790123340268149,REJECT,liquid
bollinger_breakout,mediocre,EEM,8.0,0.3,3.8,0.2577672550037668,REJECT,medium
bollinger_breakout,mediocre,VWO,10.0,0.3,3.8,0.24670061610582864,REJECT,medium
bollinger_breakout,mediocre,EFA,6.0,0.3,3.8,0.2685251976925964,REJECT,medium
bollinger_breakout,mediocre,EWZ,20.0,0.3,3.8,0.1923333333333333,REJECT,illiquid
bollinger_breakout,mediocre,RSX,35.0,0.3,3.8,0.11191864359263115,REJECT,illiquid
bollinger_breakout,mediocre,XME,15.0,0.3,3.8,0.2183352944570005,REJECT,illiquid
volume_spike,mediocre,SPY,1.5,0.25,5.5,0.23879502710206252,REJECT,ultra_liquid
volume_spike,mediocre,QQQ,2.0,0.25,5.5,0.23502220634961124,REJECT,ultra_liquid
volume_spike,mediocre,IWM,5.0,0.25,5.5,0.21266389465193813,REJECT,liquid
volume_spike,mediocre,TLT,3.0,0.25,5.5,0.22734408672660006,REJECT,liquid
volume_spike,mediocre,GLD,4.0,0.25,5.5,0.2196231150388111,REJECT,liquid
volume_spike,mediocre,EEM,8.0,0.25,5.5,0.18887365855808358,REJECT,medium
volume_spike,mediocre,VWO,10.0,0.25,5.5,0.17285615489001516,REJECT,medium
volume_spike,mediocre,EFA,6.0,0.25,5.5,0.2044443650813896,REJECT,medium
volume_spike,mediocre,EWZ,20.0,0.25,5.5,0.09416666666666665,REJECT,illiquid
volume_spike,mediocre,RSX,35.0,0.25,5.5,-0.022223015852770756,REJECT,illiquid
volume_spike,mediocre,XME,15.0,0.25,5.5,0.13180108408250074,REJECT,illiquid
gap_fade,mediocre,SPY,1.5,0.4,6.0,0.38777639320225005,REJECT,ultra_liquid
gap_fade,mediocre,QQQ,2.0,0.4,6.0,0.3836605887450305,REJECT,ultra_liquid
gap_fade,mediocre,IWM,5.0,0.4,6.0,0.3592697032566598,REJECT,liquid
gap_fade,mediocre,TLT,3.0,0.4,6.0,0.3752844582472001,REJECT,liquid
gap_fade,mediocre,GLD,4.0,0.4,6.0,0.3668615800423394,REJECT,liquid
gap_fade,mediocre,EEM,8.0,0.4,6.0,0.3333167184270003,REJECT,medium
gap_fade,mediocre,VWO,10.0,0.4,6.0,0.3158430780618347,REJECT,medium
gap_fade,mediocre,EFA,6.0,0.4,6.0,0.3503029437251523,REJECT,medium
gap_fade,mediocre,EWZ,20.0,0.4,6.0,0.23,REJECT,illiquid
gap_fade,mediocre,RSX,35.0,0.4,6.0,0.1030294372515228,REJECT,illiquid
gap_fade,mediocre,XME,15.0,0.4,6.0,0.27105572809000084,REJECT,illiquid
mean_reversion_5d,mediocre,SPY,1.5,0.45,4.5,0.4408322949016875,REJECT,ultra_liquid
mean_reversion_5d,mediocre,QQQ,2.0,0.45,4.5,0.4377454415587729,REJECT,ultra_liquid
mean_reversion_5d,mediocre,IWM,5.0,0.45,4.5,0.41945227744249486,REJECT,liquid
mean_reversion_5d,mediocre,TLT,3.0,0.45,4.5,0.43146334368540007,REJECT,liquid
mean_reversion_5d,mediocre,GLD,4.0,0.45,4.5,0.42514618503175455,REJECT,liquid
mean_reversion_5d,mediocre,EEM,8.0,0.45,4.5,0.3999875388202502,REJECT,medium
mean_reversion_5d,mediocre,VWO,10.0,0.45,4.5,0.386882308546376,REJECT,medium
mean_reversion_5d,mediocre,EFA,6.0,0.45,4.5,0.41272720779386424,REJECT,medium
mean_reversion_5d,mediocre,EWZ,20.0,0.45,4.5,0.3225,REJECT,illiquid
mean_reversion_5d,mediocre,RSX,35.0,0.45,4.5,0.22727207793864215,REJECT,illiquid
mean_reversion_5d,mediocre,XME,15.0,0.45,4.5,0.35329179606750066,REJECT,illiquid
mean_reversion_10d,mediocre,SPY,1.5,0.4,3.5,0.3928695627013125,REJECT,ultra_liquid
mean_reversion_10d,mediocre,QQQ,2.0,0.4,3.5,0.39046867676793445,REJECT,ultra_liquid
mean_reversion_10d,mediocre,IWM,5.0,0.4,3.5,0.3762406602330516,REJECT,liquid
mean_reversion_10d,mediocre,TLT,3.0,0.4,3.5,0.3855826006442001,REJECT,liquid
mean_reversion_10d,mediocre,GLD,4.0,0.4,3.5,0.380669255024698,REJECT,liquid
mean_reversion_10d,mediocre,EEM,8.0,0.4,3.5,0.36110141908241683,REJECT,medium
mean_reversion_10d,mediocre,VWO,10.0,0.4,3.5,0.3509084622027369,REJECT,medium
mean_reversion_10d,mediocre,EFA,6.0,0.4,3.5,0.37101005050633884,REJECT,medium
mean_reversion_10d,mediocre,EWZ,20.0,0.4,3.5,0.30083333333333334,REJECT,illiquid
mean_reversion_10d,mediocre,RSX,35.0,0.4,3.5,0.226767171730055,REJECT,illiquid
mean_reversion_10d,mediocre,XME,15.0,0.4,3.5,0.32478250805250053,REJECT,illiquid
breakout_20d,mediocre,SPY,1.5,0.35,3.0,0.34388819660112496,REJECT,ultra_liquid
breakout_20d,mediocre,QQQ,2.0,0.35,3.0,0.3418302943725152,REJECT,ultra_liquid
breakout_20d,mediocre,IWM,5.0,0.35,3.0,0.32963485162832984,REJECT,liquid
breakout_20d,mediocre,TLT,3.0,0.35,3.0,0.33764222912360004,REJECT,liquid
breakout_20d,mediocre,GLD,4.0,0.35,3.0,0.33343079002116965,REJECT,liquid
breakout_20d,mediocre,EEM,8.0,0.35,3.0,0.3166583592135001,REJECT,medium
breakout_20d,mediocre,VWO,10.0,0.35,3.0,0.30792153903091735,REJECT,medium
breakout_20d,mediocre,EFA,6.0,0.35,3.0,0.3251514718625761,REJECT,medium
breakout_20d,mediocre,EWZ,20.0,0.35,3.0,0.26499999999999996,REJECT,illiquid
breakout_20d,mediocre,RSX,35.0,0.35,3.0,0.20151471862576137,REJECT,illiquid
breakout_20d,mediocre,XME,15.0,0.35,3.0,0.2855278640450004,REJECT,illiquid
earnings_drift,mediocre,SPY,1.5,0.5,4.0,0.4918509288015,REJECT,ultra_liquid
earnings_drift,mediocre,QQQ,2.0,0.5,4.0,0.4891070591633536,REJECT,ultra_liquid
earnings_drift,mediocre,IWM,5.0,0.5,4.0,0.4728464688377732,REJECT,liquid
earnings_drift,mediocre,TLT,3.0,0.5,4.0,0.48352297216480006,REJECT,liquid
earnings_drift,mediocre,GLD,4.0,0.5,4.0,0.47790772002822623,REJECT,liquid
earnings_drift,mediocre,EEM,8.0,0.5,4.0,0.4555444789513335,REJECT,medium
earnings_drift,mediocre,VWO,10.0,0.5,4.0,0.4438953853745565,REJECT,medium
earnings_drift,mediocre,EFA,6.0,0.5,4.0,0.4668686291501015,REJECT,medium
earnings_drift,mediocre,EWZ,20.0,0.5,4.0,0.38666666666666666,REJECT,illiquid
earnings_drift,mediocre,RSX,35.0,0.5,4.0,0.3020196248343486,REJECT,illiquid
earnings_drift,mediocre,XME,15.0,0.5,4.0,0.4140371520600006,REJECT,illiquid
sector_rotation,mediocre,SPY,1.5,0.3,2.5,0.2949068305009375,REJECT,ultra_liquid
sector_rotation,mediocre,QQQ,2.0,0.3,2.5,0.293191911977096,REJECT,ultra_liquid
sector_rotation,mediocre,IWM,5.0,0.3,2.5,0.2830290430236082,REJECT,liquid
sector_rotation,mediocre,TLT,3.0,0.3,2.5,0.28970185760300005,REJECT,liquid
sector_rotation,mediocre,GLD,4.0,0.3,2.5,0.2861923250176414,REJECT,liquid
sector_rotation,mediocre,EEM,8.0,0.3,2.5,0.27221529934458344,REJECT,medium
sector_rotation,mediocre,VWO,10.0,0.3,2.5,0.2649346158590978,REJECT,medium
sector_rotation,mediocre,EFA,6.0,0.3,2.5,0.27929289321881345,REJECT,medium
sector_rotation,mediocre,EWZ,20.0,0.3,2.5,0.22916666666666663,REJECT,illiquid
sector_rotation,mediocre,RSX,35.0,0.3,2.5,0.17626226552146784,REJECT,illiquid
sector_rotation,mediocre,XME,15.0,0.3,2.5,0.24627322003750035,REJECT,illiquid
pairs_trading,mediocre,SPY,1.5,0.4,5.0,0.38981366100187503,REJECT,ultra_liquid
pairs_trading,mediocre,QQQ,2.0,0.4,5.0,0.3863838239541921,REJECT,ultra_liquid
pairs_trading,mediocre,IWM,5.0,0.4,5.0,0.3660580860472165,REJECT,liquid
pairs_trading,mediocre,TLT,3.0,0.4,5.0,0.3794037152060001,REJECT,liquid
pairs_trading,mediocre,GLD,4.0,0.4,5.0,0.3723846500352828,REJECT,liquid
pairs_trading,mediocre,EEM,8.0,0.4,5.0,0.34443059868916687,REJECT,medium
pairs_trading,mediocre,VWO,10.0,0.4,5.0,0.3298692317181956,REJECT,medium
pairs_trading,mediocre,EFA,6.0,0.4,5.0,0.35858578643762695,REJECT,medium
pairs_trading,mediocre,EWZ,20.0,0.4,5.0,0.2583333333333333,REJECT,illiquid
pairs_trading,mediocre,RSX,35.0,0.4,5.0,0.1525245310429357,REJECT,illiquid
pairs_trading,mediocre,XME,15.0,0.4,5.0,0.29254644007500075,REJECT,illiquid
beta_timing,mediocre,SPY,1.5,0.25,3.0,0.243888196601125,REJECT,ultra_liquid
beta_timing,mediocre,QQQ,2.0,0.25,3.0,0.24183029437251524,REJECT,ultra_liquid
beta_timing,mediocre,IWM,5.0,0.25,3.0,0.2296348516283299,REJECT,liquid
beta_timing,mediocre,TLT,3.0,0.25,3.0,0.23764222912360003,REJECT,liquid
beta_timing,mediocre,GLD,4.0,0.25,3.0,0.23343079002116968,REJECT,liquid
beta_timing,mediocre,EEM,8.0,0.25,3.0,0.21665835921350013,REJECT,medium
beta_timing,mediocre,VWO,10.0,0.25,3.0,0.20792153903091734,REJECT,medium
beta_timing,mediocre,EFA,6.0,0.25,3.0,0.22515147186257614,REJECT,medium
beta_timing,mediocre,EWZ,20.0,0.25,3.0,0.16499999999999998,REJECT,illiquid
beta_timing,mediocre,RSX,35.0,0.25,3.0,0.10151471862576139,REJECT,illiquid
beta_timing,mediocre,XME,15.0,0.25,3.0,0.1855278640450004,REJECT,illiquid
vix_timing,mediocre,SPY,1.5,0.3,2.8,0.29429565016104997,REJECT,ultra_liquid
vix_timing,mediocre,QQQ,2.0,0.3,2.8,0.29237494141434756,REJECT,ultra_liquid
vix_timing,mediocre,IWM,5.0,0.3,2.8,0.2809925281864412,REJECT,liquid
vix_timing,mediocre,TLT,3.0,0.3,2.8,0.28846608051536005,REJECT,liquid
vix_timing,mediocre,GLD,4.0,0.3,2.8,0.28453540401975835,REJECT,liquid
vix_timing,mediocre,EEM,8.0,0.3,2.8,0.26888113526593344,REJECT,medium
vix_timing,mediocre,VWO,10.0,0.3,2.8,0.2607267697621895,REJECT,medium
vix_timing,mediocre,EFA,6.0,0.3,2.8,0.27680804040507107,REJECT,medium
vix_timing,mediocre,EWZ,20.0,0.3,2.8,0.22066666666666668,REJECT,illiquid
vix_timing,mediocre,RSX,35.0,0.3,2.8,0.16141373738404396,REJECT,illiquid
vix_timing,mediocre,XME,15.0,0.3,2.8,0.23982600644200036,REJECT,illiquid
yield_curve,mediocre,SPY,1.5,0.35,2.0,0.34592546440075,REJECT,ultra_liquid
yield_curve,mediocre,QQQ,2.0,0.35,2.0,0.3445535295816768,REJECT,ultra_liquid
yield_curve,mediocre,IWM,5.0,0.35,2.0,0.33642323441888655,REJECT,liquid
yield_curve,mediocre,TLT,3.0,0.35,2.0,0.3417614860824,REJECT,liquid
yield_curve,mediocre,GLD,4.0,0.35,2.0,0.3389538600141131,REJECT,liquid
yield_curve,mediocre,EEM,8.0,0.35,2.0,0.32777223947566675,REJECT,medium
yield_curve,mediocre,VWO,10.0,0.35,2.0,0.3219476926872782,REJECT,medium
yield_curve,mediocre,EFA,6.0,0.35,2.0,0.33343431457505074,REJECT,medium
yield_curve,mediocre,EWZ,20.0,0.35,2.0,0.29333333333333333,REJECT,illiquid
yield_curve,mediocre,RSX,35.0,0.35,2.0,0.25100981241717424,REJECT,illiquid
yield_curve,mediocre,XME,15.0,0.35,2.0,0.30701857603000027,REJECT,illiquid
credit_spread,mediocre,SPY,1.5,0.3,1.8,0.296332917960675,REJECT,ultra_liquid
credit_spread,mediocre,QQQ,2.0,0.3,1.8,0.2950981766235091,REJECT,ultra_liquid
credit_spread,mediocre,IWM,5.0,0.3,1.8,0.28778091097699793,REJECT,liquid
credit_spread,mediocre,TLT,3.0,0.3,1.8,0.29258533747416,REJECT,liquid
credit_spread,mediocre,GLD,4.0,0.3,1.8,0.2900584740127018,REJECT,liquid
credit_spread,mediocre,EEM,8.0,0.3,1.8,0.2799950155281001,REJECT,medium
credit_spread,mediocre,VWO,10.0,0.3,1.8,0.2747529234185504,REJECT,medium
credit_spread,mediocre,EFA,6.0,0.3,1.8,0.28509088311754566,REJECT,medium
credit_spread,mediocre,EWZ,20.0,0.3,1.8,0.249,REJECT,illiquid
credit_spread,mediocre,RSX,35.0,0.3,1.8,0.21090883117545683,REJECT,illiquid
credit_spread,mediocre,XME,15.0,0.3,1.8,0.2613167184270002,REJECT,illiquid
momentum_factor,mediocre,SPY,1.5,0.45,3.5,0.4428695627013125,REJECT,ultra_liquid
momentum_factor,mediocre,QQQ,2.0,0.45,3.5,0.44046867676793444,REJECT,ultra_liquid
momentum_factor,mediocre,IWM,5.0,0.45,3.5,0.42624066023305157,REJECT,liquid
momentum_factor,mediocre,TLT,3.0,0.45,3.5,0.43558260064420007,REJECT,liquid
momentum_factor,mediocre,GLD,4.0,0.45,3.5,0.430669255024698,REJECT,liquid
momentum_factor,mediocre,EEM,8.0,0.45,3.5,0.4111014190824168,REJECT,medium
momentum_factor,mediocre,VWO,10.0,0.45,3.5,0.4009084622027369,REJECT,medium
momentum_factor,mediocre,EFA,6.0,0.45,3.5,0.42101005050633883,REJECT,medium
momentum_factor,mediocre,EWZ,20.0,0.45,3.5,0.35083333333333333,REJECT,illiquid
momentum_factor,mediocre,RSX,35.0,0.45,3.5,0.276767171730055,REJECT,illiquid
momentum_factor,mediocre,XME,15.0,0.45,3.5,0.37478250805250046,REJECT,illiquid
quality_quarterly,borderline,SPY,1.5,0.55,1.5,0.5469440983005626,PASS,ultra_liquid
quality_quarterly,borderline,QQQ,2.0,0.55,1.5,0.5459151471862577,PASS,ultra_liquid
quality_quarterly,borderline,IWM,5.0,0.55,1.5,0.539817425814165,PASS,liquid
quality_quarterly,borderline,TLT,3.0,0.55,1.5,0.5438211145618,PASS,liquid
quality_quarterly,borderline,GLD,4.0,0.55,1.5,0.5417153950105849,PASS,liquid
quality_quarterly,borderline,EEM,8.0,0.55,1.5,0.5333291796067501,PASS,medium
quality_quarterly,borderline,VWO,10.0,0.55,1.5,0.5289607695154587,PASS,medium
quality_quarterly,borderline,EFA,6.0,0.55,1.5,0.5375757359312882,PASS,medium
quality_quarterly,borderline,EWZ,20.0,0.55,1.5,0.5075000000000001,PASS,illiquid
quality_quarterly,borderline,RSX,35.0,0.55,1.5,0.47575735931288077,REJECT,illiquid
quality_quarterly,borderline,XME,15.0,0.55,1.5,0.5177639320225003,PASS,illiquid
value_pe_quarterly,borderline,SPY,1.5,0.5,1.2,0.49755527864045,REJECT,ultra_liquid
value_pe_quarterly,borderline,QQQ,2.0,0.5,1.2,0.4967321177490061,REJECT,ultra_liquid
value_pe_quarterly,borderline,IWM,5.0,0.5,1.2,0.491853940651332,REJECT,liquid
value_pe_quarterly,borderline,TLT,3.0,0.5,1.2,0.49505689164944,REJECT,liquid
value_pe_quarterly,borderline,GLD,4.0,0.5,1.2,0.49337231600846787,REJECT,liquid
value_pe_quarterly,borderline,EEM,8.0,0.5,1.2,0.48666334368540004,REJECT,medium
value_pe_quarterly,borderline,VWO,10.0,0.5,1.2,0.48316861561236696,REJECT,medium
value_pe_quarterly,borderline,EFA,6.0,0.5,1.2,0.49006058874503045,REJECT,medium
value_pe_quarterly,borderline,EWZ,20.0,0.5,1.2,0.466,REJECT,illiquid
value_pe_quarterly,borderline,RSX,35.0,0.5,1.2,0.44060588745030455,REJECT,illiquid
value_pe_quarterly,borderline,XME,15.0,0.5,1.2,0.47421114561800015,REJECT,illiquid
value_pb_quarterly,borderline,SPY,1.5,0.45,1.3,0.44735155186048753,REJECT,ultra_liquid
value_pb_quarterly,borderline,QQQ,2.0,0.45,1.3,0.44645979422808996,REJECT,ultra_liquid
value_pb_quarterly,borderline,IWM,5.0,0.45,1.3,0.4411751023722763,REJECT,liquid
value_pb_quarterly,borderline,TLT,3.0,0.45,1.3,0.44464496595356,REJECT,liquid
value_pb_quarterly,borderline,GLD,4.0,0.45,1.3,0.44282000900917357,REJECT,liquid
value_pb_quarterly,borderline,EEM,8.0,0.45,1.3,0.4355519556591834,REJECT,medium
value_pb_quarterly,borderline,VWO,10.0,0.45,1.3,0.43176600024673084,REJECT,medium
value_pb_quarterly,borderline,EFA,6.0,0.45,1.3,0.43923230447378303,REJECT,medium
value_pb_quarterly,borderline,EWZ,20.0,0.45,1.3,0.4131666666666667,REJECT,illiquid
value_pb_quarterly,borderline,RSX,35.0,0.45,1.3,0.38565637807116326,REJECT,illiquid
value_pb_quarterly,borderline,XME,15.0,0.45,1.3,0.42206207441950017,REJECT,illiquid
momentum_12_3,borderline,SPY,1.5,0.5,2.0,0.49592546440075,REJECT,ultra_liquid
momentum_12_3,borderline,QQQ,2.0,0.5,2.0,0.4945535295816768,REJECT,ultra_liquid
momentum_12_3,borderline,IWM,5.0,0.5,2.0,0.4864232344188866,REJECT,liquid
momentum_12_3,borderline,TLT,3.0,0.5,2.0,0.4917614860824,REJECT,liquid
momentum_12_3,borderline,GLD,4.0,0.5,2.0,0.4889538600141131,REJECT,liquid
momentum_12_3,borderline,EEM,8.0,0.5,2.0,0.47777223947566677,REJECT,medium
momentum_12_3,borderline,VWO,10.0,0.5,2.0,0.4719476926872782,REJECT,medium
momentum_12_3,borderline,EFA,6.0,0.5,2.0,0.48343431457505076,REJECT,medium
momentum_12_3,borderline,EWZ,20.0,0.5,2.0,0.44333333333333336,REJECT,illiquid
momentum_12_3,borderline,RSX,35.0,0.5,2.0,0.40100981241717426,REJECT,illiquid
momentum_12_3,borderline,XME,15.0,0.5,2.0,0.4570185760300003,REJECT,illiquid
momentum_12_6,borderline,SPY,1.5,0.55,1.5,0.5469440983005626,PASS,ultra_liquid
momentum_12_6,borderline,QQQ,2.0,0.55,1.5,0.5459151471862577,PASS,ultra_liquid
momentum_12_6,borderline,IWM,5.0,0.55,1.5,0.539817425814165,PASS,liquid
momentum_12_6,borderline,TLT,3.0,0.55,1.5,0.5438211145618,PASS,liquid
momentum_12_6,borderline,GLD,4.0,0.55,1.5,0.5417153950105849,PASS,liquid
momentum_12_6,borderline,EEM,8.0,0.55,1.5,0.5333291796067501,PASS,medium
momentum_12_6,borderline,VWO,10.0,0.55,1.5,0.5289607695154587,PASS,medium
momentum_12_6,borderline,EFA,6.0,0.55,1.5,0.5375757359312882,PASS,medium
momentum_12_6,borderline,EWZ,20.0,0.55,1.5,0.5075000000000001,PASS,illiquid
momentum_12_6,borderline,RSX,35.0,0.55,1.5,0.47575735931288077,REJECT,illiquid
momentum_12_6,borderline,XME,15.0,0.55,1.5,0.5177639320225003,PASS,illiquid
low_vol_quarterly,borderline,SPY,1.5,0.5,1.0,0.497962732200375,REJECT,ultra_liquid
low_vol_quarterly,borderline,QQQ,2.0,0.5,1.0,0.49727676479083843,REJECT,ultra_liquid
low_vol_quarterly,borderline,IWM,5.0,0.5,1.0,0.4932116172094433,REJECT,liquid
low_vol_quarterly,borderline,TLT,3.0,0.5,1.0,0.4958807430412,REJECT,liquid
low_vol_quarterly,borderline,GLD,4.0,0.5,1.0,0.49447693000705656,REJECT,liquid
low_vol_quarterly,borderline,EEM,8.0,0.5,1.0,0.48888611973783336,REJECT,medium
low_vol_quarterly,borderline,VWO,10.0,0.5,1.0,0.4859738463436391,REJECT,medium
low_vol_quarterly,borderline,EFA,6.0,0.5,1.0,0.4917171572875254,REJECT,medium
low_vol_quarterly,borderline,EWZ,20.0,0.5,1.0,0.4716666666666667,REJECT,illiquid
low_vol_quarterly,borderline,RSX,35.0,0.5,1.0,0.45050490620858713,REJECT,illiquid
low_vol_quarterly,borderline,XME,15.0,0.5,1.0,0.47850928801500014,REJECT,illiquid
dividend_yield,borderline,SPY,1.5,0.45,0.8,0.4483701857603,REJECT,ultra_liquid
dividend_yield,borderline,QQQ,2.0,0.45,0.8,0.4478214118326707,REJECT,ultra_liquid
dividend_yield,borderline,IWM,5.0,0.45,0.8,0.44456929376755466,REJECT,liquid
dividend_yield,borderline,TLT,3.0,0.45,0.8,0.44670459443296,REJECT,liquid
dividend_yield,borderline,GLD,4.0,0.45,0.8,0.44558154400564526,REJECT,liquid
dividend_yield,borderline,EEM,8.0,0.45,0.8,0.4411088957902667,REJECT,medium
dividend_yield,borderline,VWO,10.0,0.45,0.8,0.4387790770749113,REJECT,medium
dividend_yield,borderline,EFA,6.0,0.45,0.8,0.4433737258300203,REJECT,medium
dividend_yield,borderline,EWZ,20.0,0.45,0.8,0.42733333333333334,REJECT,illiquid
dividend_yield,borderline,RSX,35.0,0.45,0.8,0.4104039249668697,REJECT,illiquid
dividend_yield,borderline,XME,15.0,0.45,0.8,0.4328074304120001,REJECT,illiquid
profitability,borderline,SPY,1.5,0.55,1.2,0.5475552786404501,PASS,ultra_liquid
profitability,borderline,QQQ,2.0,0.55,1.2,0.5467321177490061,PASS,ultra_liquid
profitability,borderline,IWM,5.0,0.55,1.2,0.541853940651332,PASS,liquid
profitability,borderline,TLT,3.0,0.55,1.2,0.54505689164944,PASS,liquid
profitability,borderline,GLD,4.0,0.55,1.2,0.5433723160084679,PASS,liquid
profitability,borderline,EEM,8.0,0.55,1.2,0.5366633436854001,PASS,medium
profitability,borderline,VWO,10.0,0.55,1.2,0.533168615612367,PASS,medium
profitability,borderline,EFA,6.0,0.55,1.2,0.5400605887450305,PASS,medium
profitability,borderline,EWZ,20.0,0.55,1.2,0.516,PASS,illiquid
profitability,borderline,RSX,35.0,0.55,1.2,0.4906058874503046,REJECT,illiquid
profitability,borderline,XME,15.0,0.55,1.2,0.5242111456180002,PASS,illiquid
investment,borderline,SPY,1.5,0.5,1.0,0.497962732200375,REJECT,ultra_liquid
investment,borderline,QQQ,2.0,0.5,1.0,0.49727676479083843,REJECT,ultra_liquid
investment,borderline,IWM,5.0,0.5,1.0,0.4932116172094433,REJECT,liquid
investment,borderline,TLT,3.0,0.5,1.0,0.4958807430412,REJECT,liquid
investment,borderline,GLD,4.0,0.5,1.0,0.49447693000705656,REJECT,liquid
investment,borderline,EEM,8.0,0.5,1.0,0.48888611973783336,REJECT,medium
investment,borderline,VWO,10.0,0.5,1.0,0.4859738463436391,REJECT,medium
investment,borderline,EFA,6.0,0.5,1.0,0.4917171572875254,REJECT,medium
investment,borderline,EWZ,20.0,0.5,1.0,0.4716666666666667,REJECT,illiquid
investment,borderline,RSX,35.0,0.5,1.0,0.45050490620858713,REJECT,illiquid
investment,borderline,XME,15.0,0.5,1.0,0.47850928801500014,REJECT,illiquid
size_small,borderline,SPY,1.5,0.4,0.9,0.39816645898033753,REJECT,ultra_liquid
size_small,borderline,QQQ,2.0,0.4,0.9,0.3975490883117546,REJECT,ultra_liquid
size_small,borderline,IWM,5.0,0.4,0.9,0.393890455488499,REJECT,liquid
size_small,borderline,TLT,3.0,0.4,0.9,0.39629266873708,REJECT,liquid
size_small,borderline,GLD,4.0,0.4,0.9,0.39502923700635095,REJECT,liquid
size_small,borderline,EEM,8.0,0.4,0.9,0.38999750776405007,REJECT,medium
size_small,borderline,VWO,10.0,0.4,0.9,0.3873764617092752,REJECT,medium
size_small,borderline,EFA,6.0,0.4,0.9,0.39254544155877286,REJECT,medium
size_small,borderline,EWZ,20.0,0.4,0.9,0.3745,REJECT,illiquid
size_small,borderline,RSX,35.0,0.4,0.9,0.35545441558772845,REJECT,illiquid
size_small,borderline,XME,15.0,0.4,0.9,0.38065835921350016,REJECT,illiquid
quality_roe,borderline,SPY,1.5,0.55,1.4,0.5471478250805251,PASS,ultra_liquid
quality_roe,borderline,QQQ,2.0,0.55,1.4,0.5461874707071738,PASS,ultra_liquid
quality_roe,borderline,IWM,5.0,0.55,1.4,0.5404962640932207,PASS,liquid
quality_roe,borderline,TLT,3.0,0.55,1.4,0.54423304025768,PASS,liquid
quality_roe,borderline,GLD,4.0,0.55,1.4,0.5422677020098793,PASS,liquid
quality_roe,borderline,EEM,8.0,0.55,1.4,0.5344405676329668,PASS,medium
quality_roe,borderline,VWO,10.0,0.55,1.4,0.5303633848810948,PASS,medium
quality_roe,borderline,EFA,6.0,0.55,1.4,0.5384040202025355,PASS,medium
quality_roe,borderline,EWZ,20.0,0.55,1.4,0.5103333333333334,PASS,illiquid
quality_roe,borderline,RSX,35.0,0.55,1.4,0.48070686869202206,REJECT,illiquid
quality_roe,borderline,XME,15.0,0.55,1.4,0.5199130032210002,PASS,illiquid
quality_fcf,borderline,SPY,1.5,0.6,1.3,0.5973515518604875,PASS,ultra_liquid
quality_fcf,borderline,QQQ,2.0,0.6,1.3,0.5964597942280899,PASS,ultra_liquid
quality_fcf,borderline,IWM,5.0,0.6,1.3,0.5911751023722762,PASS,liquid
quality_fcf,borderline,TLT,3.0,0.6,1.3,0.59464496595356,PASS,liquid
quality_fcf,borderline,GLD,4.0,0.6,1.3,0.5928200090091735,PASS,liquid
quality_fcf,borderline,EEM,8.0,0.6,1.3,0.5855519556591834,PASS,medium
quality_fcf,borderline,VWO,10.0,0.6,1.3,0.5817660002467309,PASS,medium
quality_fcf,borderline,EFA,6.0,0.6,1.3,0.5892323044737829,PASS,medium
quality_fcf,borderline,EWZ,20.0,0.6,1.3,0.5631666666666666,PASS,illiquid
quality_fcf,borderline,RSX,35.0,0.6,1.3,0.5356563780711633,PASS,illiquid
quality_fcf,borderline,XME,15.0,0.6,1.3,0.5720620744195002,PASS,illiquid
combo_value_mom,borderline,SPY,1.5,0.55,1.8,0.5463329179606751,PASS,ultra_liquid
combo_value_mom,borderline,QQQ,2.0,0.55,1.8,0.5450981766235092,PASS,ultra_liquid
combo_value_mom,borderline,IWM,5.0,0.55,1.8,0.537780910976998,PASS,liquid
combo_value_mom,borderline,TLT,3.0,0.55,1.8,0.54258533747416,PASS,liquid
combo_value_mom,borderline,GLD,4.0,0.55,1.8,0.5400584740127019,PASS,liquid
combo_value_mom,borderline,EEM,8.0,0.55,1.8,0.5299950155281001,PASS,medium
combo_value_mom,borderline,VWO,10.0,0.55,1.8,0.5247529234185504,PASS,medium
combo_value_mom,borderline,EFA,6.0,0.55,1.8,0.5350908831175457,PASS,medium
combo_value_mom,borderline,EWZ,20.0,0.55,1.8,0.49900000000000005,REJECT,illiquid
combo_value_mom,borderline,RSX,35.0,0.55,1.8,0.4609088311754569,REJECT,illiquid
combo_value_mom,borderline,XME,15.0,0.55,1.8,0.5113167184270003,PASS,illiquid
combo_quality_value,borderline,SPY,1.5,0.6,1.2,0.59755527864045,PASS,ultra_liquid
combo_quality_value,borderline,QQQ,2.0,0.6,1.2,0.596732117749006,PASS,ultra_liquid
combo_quality_value,borderline,IWM,5.0,0.6,1.2,0.5918539406513319,PASS,liquid
combo_quality_value,borderline,TLT,3.0,0.6,1.2,0.59505689164944,PASS,liquid
combo_quality_value,borderline,GLD,4.0,0.6,1.2,0.5933723160084678,PASS,liquid
combo_quality_value,borderline,EEM,8.0,0.6,1.2,0.5866633436854001,PASS,medium
combo_quality_value,borderline,VWO,10.0,0.6,1.2,0.5831686156123669,PASS,medium
combo_quality_value,borderline,EFA,6.0,0.6,1.2,0.5900605887450304,PASS,medium
combo_quality_value,borderline,EWZ,20.0,0.6,1.2,0.566,PASS,illiquid
combo_quality_value,borderline,RSX,35.0,0.6,1.2,0.5406058874503046,PASS,illiquid
combo_quality_value,borderline,XME,15.0,0.6,1.2,0.5742111456180001,PASS,illiquid
carry_fx,borderline,SPY,1.5,0.5,1.5,0.4969440983005625,REJECT,ultra_liquid
carry_fx,borderline,QQQ,2.0,0.5,1.5,0.4959151471862576,REJECT,ultra_liquid
carry_fx,borderline,IWM,5.0,0.5,1.5,0.48981742581416493,REJECT,liquid
carry_fx,borderline,TLT,3.0,0.5,1.5,0.4938211145618,REJECT,liquid
carry_fx,borderline,GLD,4.0,0.5,1.5,0.49171539501058487,REJECT,liquid
carry_fx,borderline,EEM,8.0,0.5,1.5,0.48332917960675004,REJECT,medium
carry_fx,borderline,VWO,10.0,0.5,1.5,0.4789607695154587,REJECT,medium
carry_fx,borderline,EFA,6.0,0.5,1.5,0.48757573593128806,REJECT,medium
carry_fx,borderline,EWZ,20.0,0.5,1.5,0.4575,REJECT,illiquid
carry_fx,borderline,RSX,35.0,0.5,1.5,0.4257573593128807,REJECT,illiquid
carry_fx,borderline,XME,15.0,0.5,1.5,0.4677639320225002,REJECT,illiquid
value_annual,robust,SPY,1.5,0.7,0.4,0.69918509288015,PASS,ultra_liquid
value_annual,robust,QQQ,2.0,0.7,0.4,0.6989107059163353,PASS,ultra_liquid
value_annual,robust,IWM,5.0,0.7,0.4,0.6972846468837772,PASS,liquid
value_annual,robust,TLT,3.0,0.7,0.4,0.69835229721648,PASS,liquid
value_annual,robust,GLD,4.0,0.7,0.4,0.6977907720028226,PASS,liquid
value_annual,robust,EEM,8.0,0.7,0.4,0.6955544478951333,PASS,medium
value_annual,robust,VWO,10.0,0.7,0.4,0.6943895385374556,PASS,medium
value_annual,robust,EFA,6.0,0.7,0.4,0.6966868629150101,PASS,medium
value_annual,robust,EWZ,20.0,0.7,0.4,0.6886666666666666,PASS,illiquid
value_annual,robust,RSX,35.0,0.7,0.4,0.6802019624834348,PASS,illiquid
value_annual,robust,XME,15.0,0.7,0.4,0.691403715206,PASS,illiquid
quality_annual,robust,SPY,1.5,0.75,0.3,0.7493888196601125,PASS,ultra_liquid
quality_annual,robust,QQQ,2.0,0.75,0.3,0.7491830294372516,PASS,ultra_liquid
quality_annual,robust,IWM,5.0,0.75,0.3,0.747963485162833,PASS,liquid
quality_annual,robust,TLT,3.0,0.75,0.3,0.74876422291236,PASS,liquid
quality_annual,robust,GLD,4.0,0.75,0.3,0.7483430790021169,PASS,liquid
quality_annual,robust,EEM,8.0,0.75,0.3,0.74666583592135,PASS,medium
quality_annual,robust,VWO,10.0,0.75,0.3,0.7457921539030917,PASS,medium
quality_annual,robust,EFA,6.0,0.75,0.3,0.7475151471862577,PASS,medium
quality_annual,robust,EWZ,20.0,0.75,0.3,0.7415,PASS,illiquid
quality_annual,robust,RSX,35.0,0.75,0.3,0.7351514718625761,PASS,illiquid
quality_annual,robust,XME,15.0,0.75,0.3,0.7435527864045001,PASS,illiquid
buyhold_value,robust,SPY,1.5,0.65,0.2,0.649592546440075,PASS,ultra_liquid
buyhold_value,robust,QQQ,2.0,0.65,0.2,0.6494553529581677,PASS,ultra_liquid
buyhold_value,robust,IWM,5.0,0.65,0.2,0.6486423234418887,PASS,liquid
buyhold_value,robust,TLT,3.0,0.65,0.2,0.64917614860824,PASS,liquid
buyhold_value,robust,GLD,4.0,0.65,0.2,0.6488953860014114,PASS,liquid
buyhold_value,robust,EEM,8.0,0.65,0.2,0.6477772239475666,PASS,medium
buyhold_value,robust,VWO,10.0,0.65,0.2,0.6471947692687279,PASS,medium
buyhold_value,robust,EFA,6.0,0.65,0.2,0.6483434314575051,PASS,medium
buyhold_value,robust,EWZ,20.0,0.65,0.2,0.6443333333333333,PASS,illiquid
buyhold_value,robust,RSX,35.0,0.65,0.2,0.6401009812417174,PASS,illiquid
buyhold_value,robust,XME,15.0,0.65,0.2,0.645701857603,PASS,illiquid
dividend_annual,robust,SPY,1.5,0.6,0.25,0.5994906830500937,PASS,ultra_liquid
dividend_annual,robust,QQQ,2.0,0.6,0.25,0.5993191911977096,PASS,ultra_liquid
dividend_annual,robust,IWM,5.0,0.6,0.25,0.5983029043023608,PASS,liquid
dividend_annual,robust,TLT,3.0,0.6,0.25,0.5989701857603,PASS,liquid
dividend_annual,robust,GLD,4.0,0.6,0.25,0.5986192325017641,PASS,liquid
dividend_annual,robust,EEM,8.0,0.6,0.25,0.5972215299344583,PASS,medium
dividend_annual,robust,VWO,10.0,0.6,0.25,0.5964934615859098,PASS,medium
dividend_annual,robust,EFA,6.0,0.6,0.25,0.5979292893218813,PASS,medium
dividend_annual,robust,EWZ,20.0,0.6,0.25,0.5929166666666666,PASS,illiquid
dividend_annual,robust,RSX,35.0,0.6,0.25,0.5876262265521468,PASS,illiquid
dividend_annual,robust,XME,15.0,0.6,0.25,0.59462732200375,PASS,illiquid
multifactor_annual,robust,SPY,1.5,0.8,0.35,0.7992869562701312,PASS,ultra_liquid
multifactor_annual,robust,QQQ,2.0,0.8,0.35,0.7990468676767934,PASS,ultra_liquid
multifactor_annual,robust,IWM,5.0,0.8,0.35,0.7976240660233052,PASS,liquid
multifactor_annual,robust,TLT,3.0,0.8,0.35,0.7985582600644201,PASS,liquid
multifactor_annual,robust,GLD,4.0,0.8,0.35,0.7980669255024698,PASS,liquid
multifactor_annual,robust,EEM,8.0,0.8,0.35,0.7961101419082417,PASS,medium
multifactor_annual,robust,VWO,10.0,0.8,0.35,0.7950908462202737,PASS,medium
multifactor_annual,robust,EFA,6.0,0.8,0.35,0.797101005050634,PASS,medium
multifactor_annual,robust,EWZ,20.0,0.8,0.35,0.7900833333333334,PASS,illiquid
multifactor_annual,robust,RSX,35.0,0.8,0.35,0.7826767171730056,PASS,illiquid
multifactor_annual,robust,XME,15.0,0.8,0.35,0.7924782508052501,PASS,illiquid
